slug,year,snapshot,price_min_tl,price_max_tl,usd_rate
toyota-corolla-cross,2023,20240528140302,1926500,2338500,32.1782
toyota-corolla-cross,2024,20240528140302,1926500,2338500,32.1782
toyota-corolla-cross,2025,20250812183359,2286000,3200000,40.7116
toyota-corolla-cross,2026,20250812183359,2286000,3200000,40.7116
kia-sportage,2020,20191213111942,149300,315900,5.783
kia-sportage,2022,20211206031443,329900,689900,13.7988
kia-sportage,2025,20251008231858,2370000,3300000,41.708
kia-sportage,2026,20251104142735,1400000,3624000,42.0507
opel-mokka,2021,20220522221327,689900,779900,15.9536
opel-mokka,2022,20220522221327,689900,779900,15.9536
opel-mokka,2023,20231202075315,1415900,1630900,28.9073
opel-mokka,2024,20240530150350,1553900,1825900,32.307
opel-mokka,2025,20240908214145,1553900,1862900,33.9547
hyundai-tucson,2020,20191208025810,209619,293320,5.7582
hyundai-tucson,2021,20220812182226,793357,1265000,17.9689
hyundai-tucson,2022,20220812182226,793357,1265000,17.9689
hyundai-tucson,2023,20231205085613,1575000,2335000,28.9225
hyundai-tucson,2024,20250123041538,1830000,2595000,35.6556
hyundai-tucson,2025,20250525050222,2110000,3014000,38.8873
hyundai-tucson,2026,20251013025527,2160000,3441500,41.7947
nissan-qashqai,2021,20210711140019,328000,447500,8.6872
nissan-qashqai,2022,20220705181628,866800,1200400,16.9674
nissan-qashqai,2024,20240810163225,1899900,2709900,33.5199
nissan-qashqai,2025,20251010115628,2264300,3636000,41.7138
nissan-qashqai,2026,20251010115628,2264300,3636000,41.7138
volkswagen-t-roc,2021,20220627001441,781300,937300,16.676
volkswagen-t-roc,2022,20220627001441,781300,937300,16.676
volkswagen-t-roc,2023,20231209092948,1622500,1945400,28.9495
volkswagen-t-roc,2024,20240416082724,1805000,2170000,32.4632
volkswagen-t-roc,2025,20250810200305,2252000,2970000,40.6274
volkswagen-t-roc,2026,20250810200305,2252000,2970000,40.6274
peugeot-3008,2020,20191213095524,128325,302223,5.783
peugeot-3008,2021,20220520131849,797500,985000,15.9536
peugeot-3008,2022,20220520131849,797500,985000,15.9536
peugeot-3008,2024,20240528131450,1920000,2395500,32.1782
peugeot-3008,2025,20250427124928,2420500,2824000,38.3144
renault-austral,2023,20240415062149,1605000,2126000,32.3854
renault-austral,2024,20240415062149,1605000,2126000,32.3854
renault-austral,2025,20240415062149,1605000,2126000,32.3854
ford-kuga,2020,20191208021916,187700,230800,5.7582
ford-kuga,2022,20231004060150,1403100,3964500,27.5812
ford-kuga,2024,20240421052302,1589200,4000000,32.5682
ford-kuga,2025,20250809211051,2081900,3022500,40.6274
ford-kuga,2026,20250809211051,2081900,3022500,40.6274
dacia-duster,2020,20211206020922,222000,475900,13.7988
dacia-duster,2023,20221129120150,466000,690000,18.6475
dacia-duster,2024,20240620161008,1177900,1624000,32.6298
fiat-egea,2020,20191213104754,101900,167900,5.783
fiat-egea,2021,20220705192011,374900,673900,16.8237
fiat-egea,2022,20220705192011,374900,673900,16.9674
fiat-egea,2023,20230924005430,767900,1294900,27.1528
fiat-egea,2024,20240414210131,977900,1572900,32.5136
fiat-egea,2025,20241213030056,1004900,1612900,34.9249
renault-megane,2021,20220526052823,445000,660900,16.3975
renault-megane,2022,20220703015739,525900,777900,16.7456
renault-megane,2024,20240420165010,1182000,1649000,32.5682
renault-megane,2025,20250513233016,1837000,2062000,38.782
renault-megane,2026,20251012020328,1902900,2238000,41.7138
renault-clio,2021,20220630075721,386900,523000,16.6914
renault-clio,2022,20220630075721,386900,523000,16.6914
renault-clio,2024,20240415192741,942000,1229000,32.3854
renault-clio,2025,20250805112229,1447000,1573000,40.6757
renault-clio,2026,20250805112229,1447000,1573000,40.6757
toyota-corolla,2020,20191213112408,103150,209150,5.783
volkswagen-passat,2023,20241107074133,2393000,4792000,34.238
volkswagen-passat,2024,20241107074133,2393000,4792000,34.238
volkswagen-passat,2025,20250620110441,2778000,5557000,39.6122
volkswagen-passat,2026,20250620110441,2778000,5557000,39.6122
honda-civic,2020,20191213101849,127900,236500,5.783
honda-civic,2022,20220703053147,727400,863600,16.7456
honda-civic,2023,20231209083532,1573000,1704000,28.9495
honda-civic,2024,20240519203338,1783000,1873000,32.252
honda-civic,2025,20250811121508,2018000,2585000,40.7057
opel-astra,2022,20230209070250,748900,1055900,18.8448
opel-astra,2023,20230209070250,748900,1055900,18.8448
opel-astra,2024,20240619233919,1564900,1835900,32.5164
opel-astra,2026,20250708175753,1925000,5574000,40.0052
volkswagen-golf,2020,20211021112546,236400,449100,9.3024
volkswagen-golf,2022,20220702085144,624500,1743800,16.7456
volkswagen-golf,2023,20240415054657,1374000,4088000,32.3854
volkswagen-golf,2024,20240721222248,1374000,4088000,33.0637
volkswagen-golf,2025,20250323042102,1633000,4734000,37.9184
volkswagen-golf,2026,20251013150841,2022000,6324000,41.7947
hyundai-i20,2020,20191213105233,103135,140990,5.783
hyundai-i20,2024,20240423212715,970000,1245000,32.5586
hyundai-i20,2025,20240423212715,970000,1245000,32.5586
hyundai-i20,2021,20210918182923,178642,291050,8.5832
hyundai-i20,2022,20220627061237,379000,485000,16.676
hyundai-i20,2023,20240229211503,915000,1175000,31.2159
volkswagen-polo,2021,20220127232131,320500,476100,13.6177
volkswagen-polo,2022,20220625040535,488800,670300,17.3791
volkswagen-polo,2023,20240229222158,1071000,1478000,31.2159
volkswagen-polo,2024,20240716151959,1109000,1530000,33.0818
volkswagen-polo,2025,20250810002101,1661000,2301000,40.6274
fiat-egea-cross,2021,20220630040029,428900,691900,16.6914
fiat-egea-cross,2022,20220630040029,428900,691900,16.6914
fiat-egea-cross,2023,20231128222601,860900,1401900,28.9289
fiat-egea-cross,2024,20240421052441,1032900,1618900,32.5682
fiat-egea-cross,2025,20251012011740,1234900,1853900,41.7138
fiat-egea-cross,2026,20251012011740,1234900,1853900,41.7138
opel-corsa,2020,20191210042509,100600,128100,5.8092
opel-corsa,2022,20220520062009,379900,534900,15.9536
opel-corsa,2023,20231209072616,889900,1203900,28.9495
opel-corsa,2024,20241214193416,1075900,1398900,34.9249
opel-corsa,2026,20250323131727,1256900,1501900,37.9184
seat-leon,2022,20231004225814,1310000,1470000,27.5812
seat-leon,2023,20231004225814,1310000,1470000,27.5812
seat-leon,2025,20250814151538,2150000,2920000,40.7828
seat-leon,2026,20250814151538,2150000,2920000,40.7828
bmw-3-serisi,2020,20210225031317,598900,648700,7.2054
bmw-3-serisi,2021,20210225032915,598900,648700,7.2054
bmw-3-serisi,2022,20230202173717,2060100,2160584,18.8252
bmw-3-serisi,2024,20240721221212,3094800,3725000,33.0637
bmw-3-serisi,2025,20250323135520,3784300,4086800,37.9184
bmw-3-serisi,2026,20251013145652,4939000,5962400,41.7947
audi-a3,2020,20190723180433,256306,291617,5.6886
audi-a3,2021,20220703060509,943044,1005702,16.7456
audi-a3,2022,20220703060509,943044,1005702,16.7456
audi-a3,2023,20240418174132,2009969,2470179,32.5136
audi-a3,2024,20240418174132,2009969,2470179,32.5136
audi-a3,2025,20250622151633,2762124,3357831,39.6122
audi-a3,2026,20250622151633,2762124,3357831,39.6122
peugeot-2008,2021,20220706103718,635000,951000,17.2128
peugeot-2008,2022,20220706103718,635000,951000,17.2128
peugeot-2008,2023,20240418172904,1510000,1930000,32.5136
peugeot-2008,2024,20240418172904,1510000,1930000,32.5136
peugeot-2008,2025,20250427134413,1943000,2148500,38.3144
peugeot-2008,2026,20251008035807,2138000,2303000,41.708
ford-focus,2020,20191208034415,144700,230300,5.7582
ford-focus,2023,20231004073458,1187000,1662400,27.5812
ford-focus,2025,20250620020537,2079900,2186400,39.6122
ford-focus,2021,20211224094454,446300,598900,11.7489
ford-focus,2022,20211224094454,446300,598900,11.7489
ford-focus,2024,20240414212954,1269700,1814100,32.5136
bmw-5-serisi,2021,20210213045614,849900,1401900,7.0288
bmw-5-serisi,2022,20231004193123,3885700,5773100,27.5812
bmw-5-serisi,2023,20231004193123,3885700,5773100,27.5812
bmw-5-serisi,2024,20240415125320,5508500,8504726,32.3854
bmw-5-serisi,2025,20250525052029,6143800,8351100,38.8873
bmw-5-serisi,2026,20250525052029,6143800,8351100,38.8873
mercedes-benz-c,2023,20240304014502,3077500,7543500,31.4635
mercedes-benz-c,2025,20250430233836,4288500,9897000,38.4375
mercedes-benz-c,2026,20250430233836,4288500,9897000,38.4375
dacia-sandero,2020,20191209214657,103050,128350,5.801
dacia-sandero,2021,20220126115931,318000,374000,13.5272
dacia-sandero,2022,20220706194415,446900,497000,17.2128
dacia-sandero,2023,20230602225708,618000,686900,20.8822
dacia-sandero,2024,20250427140747,1267000,1317000,38.3144
dacia-sandero,2025,20250427140747,1267000,1317000,38.3144
dacia-sandero,2026,20251008135652,1420000,1480000,41.708
ford-ranger,2020,20210613225347,338000,465000,8.3697
ford-ranger,2022,20220707130334,724300,1100900,17.2912
ford-ranger,2021,20210613225347,338000,465000,8.3697
ford-ranger,2025,20250616123905,2635300,3954100,39.3918
ford-ranger,2026,20250616123905,2635300,3954100,39.3918
audi-a6,2021,20220809065923,2059383,3268558,17.9642
audi-a6,2022,20220809065923,2059383,3268558,17.9642
audi-a6,2023,20240420154623,5104943,8129750,32.5682
audi-a6,2024,20240806003240,5104943,8129750,33.4586
audi-a6,2025,20250513220606,6087573,9695121,38.782
audi-a6,2026,20251006100457,7401890,10916863,41.6975
seat-ibiza,2021,20220516181243,332000,549000,15.5919
seat-ibiza,2022,20220516181243,332000,549000,15.5919
seat-ibiza,2023,20230605125836,640000,885000,21.1846
seat-ibiza,2024,20240530163057,1210000,1235000,32.307
seat-ibiza,2025,20250816230525,1691000,1810000,40.8047
renault-captur,2020,20191209202604,118050,170250,5.801
renault-captur,2021,20220630064251,680900,760900,16.6914
renault-captur,2024,20240721003251,1415900,1562000,33.0637
renault-captur,2025,20250812174649,1896500,2619900,40.7116
renault-captur,2026,20250812174649,1896500,2619900,40.7116
mercedes-benz-a,2023,20240225204502,2208500,4450800,31.0605
mercedes-benz-a,2024,20240721224802,2330000,4750100,33.0637
mercedes-benz-a,2025,20250425154734,2826906,3072800,38.3144
mercedes-benz-a,2026,20251007055707,3420000,4950400,41.6967
citroen-c3,2021,20220522233236,227000,481000,15.9536
citroen-c3,2022,20220627045105,464000,522000,16.676
citroen-c3,2023,20231128231821,813000,1029000,28.9289
citroen-c3,2024,20240528132951,963000,1166000,32.1782
citroen-c3,2025,20240528132951,963000,1166000,32.1782
citroen-c5-aircross,2022,20220516191243,467500,844000,15.5919
citroen-c5-aircross,2023,20231209091355,1632900,1897000,28.9495
citroen-c5-aircross,2024,20240623085215,1840000,1990000,32.84
nissan-juke,2021,20220630041602,579500,846900,16.6914
citroen-c5-aircross,2025,20250515010726,2085000,2130000,38.7045
citroen-c5-aircross,2026,20251014141241,2278000,2302000,41.8248
nissan-juke,2022,20220630041602,579500,846900,16.6914
nissan-juke,2023,20220630041602,579500,846900,16.6914
nissan-juke,2025,20250322185456,1807300,2085400,37.9184
nissan-juke,2026,20250322185456,1807300,2085400,37.9184
volkswagen-amarok,2023,20231209073653,1950000,2600000,28.9495
volkswagen-amarok,2024,20240716144216,2310000,2990000,33.0818
volkswagen-amarok,2025,20250620094946,2993000,3432000,39.6122
volkswagen-amarok,2026,20250620094946,2993000,3432000,39.6122
bmw-1-serisi,2021,20210212201935,417700,452100,7.0288
bmw-1-serisi,2022,20220521231358,850200,917300,15.9536
bmw-1-serisi,2024,20240721222722,2042000,2316600,33.0637
bmw-1-serisi,2025,20250430232651,2859700,3072800,38.4375
citroen-c3-aircross,2020,20190723180003,137676,173500,5.6886
citroen-c3-aircross,2021,20220129103803,322000,546000,13.6311
citroen-c3-aircross,2022,20220129103803,322000,546000,13.6311
citroen-c3-aircross,2023,20231209085954,1087900,1238100,28.9495
citroen-c3-aircross,2024,20240522053322,1259000,1389000,32.1788
skoda-kamiq,2021,20220705180011,679962,774962,16.9674
skoda-kamiq,2022,20220705180011,679962,774962,16.9674
skoda-kamiq,2025,20250211205306,1680100,2170100,36.0241
skoda-kamiq,2026,20250211205306,1680100,2170100,36.0241
skoda-kodiaq,2021,20220629213917,1054900,2339900,16.6991
skoda-kodiaq,2022,20220629213917,1054900,2339900,16.6991
skoda-kodiaq,2023,20240420160533,2279900,4409900,32.5682
skoda-kodiaq,2025,20250518160121,3049900,5899900,38.6639
skoda-kodiaq,2026,20250518160121,3049900,5899900,38.6639
seat-ateca,2020,20190719075415,212100,237900,5.6417
seat-ateca,2021,20220707162958,870000,890000,17.2912
seat-ateca,2022,20220707162958,870000,890000,17.2912
seat-ateca,2024,20240612180828,1670000,1860000,32.3655
seat-ateca,2026,20250817195823,2575000,2830000,40.8047
bmw-4-serisi,2023,20231201105530,3501200,5578300,28.9073
bmw-4-serisi,2024,20240415124607,3463000,5454500,32.3854
bmw-4-serisi,2025,20250430012103,4707900,5491300,38.4375
bmw-4-serisi,2026,20251008040335,5913200,6866800,41.708
kia-stonic,2020,20191207133648,142800,156200,5.7582
kia-stonic,2021,20210711030416,199900,315900,8.6872
kia-stonic,2022,20211206020310,345900,475900,13.7988
kia-stonic,2023,20230327064716,620000,838000,19.1023
kia-stonic,2025,20240416071109,1204000,1364000,32.4632
