slug,display,year,age,new_tl,new_usd,used_tl,used_usd,nominal_pct,usd_loss_pct,usd_loss_yillik,tufe_reel_loss_pct,tufe_reel_yillik,n,snapshot
audi-a3,Audi A3,2020,6,273962,48160,1814500,38879,562.3,19.3,3.5,34.2,6.7,47,20190723
audi-a3,Audi A3,2021,5,974373,58187,2200000,47139,125.8,19.0,4.1,46.5,11.8,49,20220703
audi-a3,Audi A3,2022,4,974373,58187,2180000,46711,123.7,19.7,5.3,47.0,14.7,47,20220703
audi-a3,Audi A3,2023,3,2240074,68897,2395000,51318,6.9,25.5,9.4,39.4,15.4,50,20240418
audi-a3,Audi A3,2024,2,2240074,68897,2800000,59996,25.0,12.9,6.7,29.1,15.8,41,20240418
audi-a3,Audi A3,2025,1,3059978,77248,2858000,61238,-6.6,20.7,20.7,29.3,29.3,48,20250622
bmw-1-serisi,Bmw 1 Serisi,2021,5,434900,61874,1990000,42640,357.6,31.1,7.2,39.6,9.6,25,20210212
bmw-1-serisi,Bmw 1 Serisi,2022,4,883750,55395,2085000,44675,135.9,19.4,5.2,44.1,13.5,12,20220521
bmw-1-serisi,Bmw 1 Serisi,2024,2,2179300,65912,2660000,56996,22.1,13.5,7.0,30.8,16.8,19,20240721
bmw-3-serisi,Bmw 3 Serisi,2020,6,623800,86574,2700000,57853,332.8,33.2,6.5,42.9,8.9,49,20210225
bmw-3-serisi,Bmw 3 Serisi,2021,5,623800,86574,2785000,59674,346.5,31.1,7.2,41.1,10.0,50,20210225
bmw-3-serisi,Bmw 3 Serisi,2022,4,2110342,112102,3125000,66960,48.1,40.3,12.1,48.1,15.1,48,20230202
bmw-3-serisi,Bmw 3 Serisi,2024,2,3409900,103131,3905000,83673,14.5,18.9,9.9,35.1,19.4,47,20240721
bmw-3-serisi,Bmw 3 Serisi,2025,1,3935550,103790,4298000,92093,9.2,11.3,11.3,17.3,17.3,49,20250323
citroen-c3,Citroen C3,2021,5,354000,22189,933500,20002,163.7,9.9,2.1,37.5,9.0,48,20220522
citroen-c3,Citroen C3,2022,4,493000,29563,1020000,21856,106.9,26.1,7.3,51.0,16.3,48,20220627
citroen-c3,Citroen C3,2023,3,921000,31837,1173450,25144,27.4,21.0,7.6,55.4,23.6,50,20231128
citroen-c3,Citroen C3,2024,2,1064500,33081,1195000,25605,12.3,22.6,12.0,36.4,20.2,47,20240528
citroen-c3-aircross,Citroen C3 Aircross,2020,6,155588,27351,1275000,27319,719.5,0.1,0.0,18.6,3.4,41,20190723
citroen-c3-aircross,Citroen C3 Aircross,2021,5,434000,31839,1300000,27855,199.5,12.5,2.6,29.0,6.6,43,20220129
citroen-c3-aircross,Citroen C3 Aircross,2022,4,434000,31839,1284500,27523,196.0,13.6,3.6,29.8,8.5,46,20220129
citroen-c3-aircross,Citroen C3 Aircross,2023,3,1163000,40173,1350000,28927,16.1,28.0,10.4,59.3,25.9,48,20231209
citroen-c3-aircross,Citroen C3 Aircross,2024,2,1324000,41145,1475000,31605,11.4,23.2,12.4,36.8,20.5,39,20240522
citroen-c5-aircross,Citroen C5 Aircross,2022,4,655750,42057,1875000,40176,185.9,4.5,1.1,32.2,9.3,49,20220516
citroen-c5-aircross,Citroen C5 Aircross,2023,3,1764950,60967,1962000,42040,11.2,31.0,11.7,61.0,27.0,44,20231209
citroen-c5-aircross,Citroen C5 Aircross,2024,2,1915000,58313,2125000,45532,11.0,21.9,11.6,37.1,20.7,49,20240623
citroen-c5-aircross,Citroen C5 Aircross,2025,1,2107500,54451,2260000,48425,7.2,11.1,11.1,18.8,18.8,43,20250515
citroen-c5-aircross,Citroen C5 Aircross,2026,0,2290000,54752,2375000,50889,3.7,7.1,7.1,21.5,21.5,11,20251014
dacia-duster,Dacia Duster,2020,6,348950,25288,1077500,23088,208.8,8.7,1.5,59.2,13.9,48,20211206
dacia-duster,Dacia Duster,2023,3,578000,30996,1372000,29398,137.4,5.2,1.7,43.7,17.4,48,20221129
dacia-duster,Dacia Duster,2024,2,1400950,42935,1555000,33319,11.0,22.4,11.9,37.1,20.7,46,20240620
dacia-sandero,Dacia Sandero,2020,6,115700,19945,915000,19606,690.8,1.7,0.3,21.5,4.0,43,20191209
dacia-sandero,Dacia Sandero,2021,5,346000,25578,912500,19552,163.7,23.6,5.2,37.5,9.0,48,20220126
dacia-sandero,Dacia Sandero,2022,4,471950,27419,1025000,21963,117.2,19.9,5.4,48.5,15.3,30,20220706
dacia-sandero,Dacia Sandero,2023,3,652450,31244,1135000,24320,74.0,22.2,8.0,39.0,15.2,21,20230602
dacia-sandero,Dacia Sandero,2024,2,1292000,33721,1345000,28819,4.1,14.5,7.6,21.2,11.2,11,20250427
dacia-sandero,Dacia Sandero,2025,1,1292000,33721,1350000,28927,4.5,14.2,14.2,20.9,20.9,37,20250427
fiat-egea,Fiat Egea,2020,6,134900,23327,830000,17784,515.3,23.8,4.4,38.9,7.9,49,20191213
fiat-egea,Fiat Egea,2021,5,524400,31170,875000,18749,66.9,39.9,9.7,60.4,16.9,47,20220705
fiat-egea,Fiat Egea,2022,4,524400,30906,895000,19177,70.7,38.0,11.2,59.5,20.2,45,20220705
fiat-egea,Fiat Egea,2023,3,1031400,37985,929450,19915,-9.9,47.6,19.4,68.4,31.9,44,20230924
fiat-egea,Fiat Egea,2024,2,1275400,39227,1177500,25230,-7.7,35.7,19.8,47.7,27.7,50,20240414
fiat-egea,Fiat Egea,2025,1,1308900,37478,1220000,26141,-6.8,30.2,30.2,47.2,47.2,49,20241213
fiat-egea-cross,Fiat Egea Cross,2021,5,560400,33574,1007500,21588,79.8,35.7,8.5,57.4,15.7,48,20220630
fiat-egea-cross,Fiat Egea Cross,2022,4,560400,33574,1050000,22498,87.4,33.0,9.5,55.6,18.4,47,20220630
fiat-egea-cross,Fiat Egea Cross,2023,3,1131400,39110,1120000,23998,-1.0,38.6,15.0,65.3,29.7,49,20231128
fiat-egea-cross,Fiat Egea Cross,2024,2,1325900,40711,1186000,25412,-10.6,37.6,21.0,49.3,28.8,38,20240421
fiat-egea-cross,Fiat Egea Cross,2025,1,1544400,37024,1247500,26730,-19.2,27.8,27.8,38.9,38.9,42,20251012
ford-focus,Ford Focus,2020,6,187500,32562,1317500,28230,602.7,13.3,2.4,30.2,5.8,50,20191208
ford-focus,Ford Focus,2021,5,522600,44481,1310000,28069,150.7,36.9,8.8,66.9,19.8,49,20211224
ford-focus,Ford Focus,2022,4,522600,44481,1417000,30362,171.1,31.7,9.1,64.2,22.7,25,20211224
ford-focus,Ford Focus,2023,3,1424700,51655,1585000,33962,11.3,34.3,13.0,61.0,26.9,49,20231004
ford-focus,Ford Focus,2024,2,1541900,47423,1717750,36806,11.4,22.4,11.9,36.8,20.5,46,20240414
ford-focus,Ford Focus,2025,1,2133150,53851,1862450,39907,-12.7,25.9,25.9,33.9,33.9,46,20250620
ford-kuga,Ford Kuga,2020,6,209250,36339,1737500,37229,730.3,-2.4,-0.4,17.6,3.2,48,20191208
ford-kuga,Ford Kuga,2022,4,2683800,97305,1890000,40497,-29.6,58.4,19.7,75.3,29.5,43,20231004
ford-kuga,Ford Kuga,2024,2,2794600,85808,2060000,44140,-26.3,48.6,28.3,58.2,35.4,36,20240421
ford-kuga,Ford Kuga,2025,1,2552200,62820,2290000,49068,-10.3,21.9,21.9,32.1,32.1,29,20250809
ford-ranger,Ford Ranger,2020,6,401500,47971,1925000,41247,379.5,14.0,2.5,36.7,7.3,49,20210613
ford-ranger,Ford Ranger,2021,5,401500,47971,1925000,41247,379.5,14.0,3.0,36.7,8.7,42,20210613
ford-ranger,Ford Ranger,2022,4,912600,52778,2199000,47118,141.0,10.7,2.8,42.9,13.1,27,20220707
ford-ranger,Ford Ranger,2025,1,3294700,83639,3500000,74995,6.2,10.3,10.3,19.6,19.6,33,20250616
honda-civic,Honda Civic,2020,6,182200,31506,1675000,35890,819.3,-13.9,-2.2,8.7,1.5,45,20191213
honda-civic,Honda Civic,2022,4,795500,47505,1895000,40604,138.2,14.5,3.8,43.5,13.3,47,20220703
honda-civic,Honda Civic,2023,3,1638500,56599,2095000,44890,27.9,20.7,7.4,55.2,23.5,48,20231209
honda-civic,Honda Civic,2024,2,1828000,56679,2285000,48961,25.0,13.6,7.1,29.1,15.8,43,20240519
honda-civic,Honda Civic,2025,1,2301500,56540,2375000,50889,3.2,10.0,10.0,21.9,21.9,33,20250811
hyundai-i20,Hyundai I20,2020,6,122062,21107,1232875,26417,910.0,-25.2,-3.8,-0.3,-0.0,48,20191213
hyundai-i20,Hyundai I20,2021,5,234846,27361,1166500,24995,396.7,8.6,1.8,34.4,8.1,48,20210918
hyundai-i20,Hyundai I20,2022,4,432000,25905,1174500,25166,171.9,2.9,0.7,35.6,10.4,48,20220627
hyundai-i20,Hyundai I20,2023,3,1045000,33477,1269000,27191,21.4,18.8,6.7,31.2,11.7,49,20240229
hyundai-i20,Hyundai I20,2024,2,1107500,34016,1389875,29781,25.5,12.4,6.4,28.9,15.7,48,20240423
hyundai-i20,Hyundai I20,2025,1,1107500,34016,1397450,29943,26.2,12.0,12.0,28.5,28.5,50,20240423
hyundai-tucson,Hyundai Tucson,2020,6,251470,43672,1820000,38997,623.7,10.7,1.9,28.1,5.4,46,20191208
hyundai-tucson,Hyundai Tucson,2021,5,1029178,57276,1985000,42533,92.9,25.7,5.8,54.3,14.5,49,20220812
hyundai-tucson,Hyundai Tucson,2022,4,1029178,57276,2060000,44140,100.2,22.9,6.3,52.6,17.0,50,20220812
hyundai-tucson,Hyundai Tucson,2023,3,1955000,67594,2125000,45532,8.7,32.6,12.3,61.9,27.5,45,20231205
hyundai-tucson,Hyundai Tucson,2024,2,2212500,62052,2390000,51211,8.0,17.5,9.2,18.2,9.6,47,20250123
hyundai-tucson,Hyundai Tucson,2025,1,2562000,65883,2450000,52496,-4.4,20.3,20.3,27.6,27.6,46,20250525
kia-sportage,Kia Sportage,2020,6,232600,40221,1664900,35674,615.8,11.3,2.0,28.9,5.5,49,20191213
kia-sportage,Kia Sportage,2022,4,509900,36952,2130000,45640,317.7,-23.5,-5.4,44.9,13.8,45,20211206
kia-sportage,Kia Sportage,2025,1,2835000,67973,2622500,56192,-7.5,17.3,17.3,30.0,30.0,50,20251008
kia-sportage,Kia Sportage,2026,0,2512000,59737,2089000,44761,-16.8,25.1,25.1,37.1,37.1,11,20251104
kia-stonic,Kia Stonic,2020,6,149500,25963,1260000,26998,742.8,-4.0,-0.7,16.3,2.9,33,20191207
kia-stonic,Kia Stonic,2021,5,257900,29687,1270000,27212,392.4,8.3,1.7,35.0,8.3,39,20210711
kia-stonic,Kia Stonic,2022,4,410900,29778,1335000,28605,224.9,3.9,1.0,57.1,19.1,45,20211206
kia-stonic,Kia Stonic,2023,3,729000,38163,1380000,29569,89.3,22.5,8.2,33.7,12.8,46,20230327
kia-stonic,Kia Stonic,2025,1,1284000,39552,1680000,35997,30.8,9.0,9.0,25.8,25.8,16,20240416
mercedes-benz-a,Mercedes Benz A,2023,3,3329650,107199,2775000,59460,-16.7,44.5,17.8,52.8,22.1,18,20240225
mercedes-benz-a,Mercedes Benz A,2024,2,3540050,107068,2902000,62181,-18.0,41.9,23.8,53.5,31.8,10,20240721
mercedes-benz-a,Mercedes Benz A,2025,1,2949853,76991,3105000,66531,5.3,13.6,13.6,20.3,20.3,18,20250425
nissan-juke,Nissan Juke,2021,5,713200,42729,1380000,29569,93.5,30.8,7.1,54.1,14.4,19,20220630
nissan-juke,Nissan Juke,2022,4,713200,42729,1412500,30266,98.1,29.2,8.3,53.1,17.2,12,20220630
nissan-juke,Nissan Juke,2023,3,713200,42729,1489000,31905,108.8,25.3,9.3,50.5,20.9,25,20220630
nissan-juke,Nissan Juke,2025,1,1946350,51330,1650000,35355,-15.2,31.1,31.1,35.8,35.8,41,20250322
nissan-qashqai,Nissan Qashqai,2021,5,387750,44635,1770000,37926,356.5,15.0,3.2,39.8,9.6,30,20210711
nissan-qashqai,Nissan Qashqai,2022,4,1033600,60917,1959000,41976,89.5,31.1,8.9,55.1,18.1,49,20220705
nissan-qashqai,Nissan Qashqai,2024,2,2304900,68762,2380000,50996,3.3,25.8,13.9,41.5,23.5,50,20240810
nissan-qashqai,Nissan Qashqai,2025,1,2950150,70724,2495000,53460,-15.4,24.4,24.4,36.0,36.0,47,20251010
opel-astra,Opel Astra,2023,3,902400,47886,1592000,34112,76.4,28.8,10.7,38.2,14.8,50,20230209
opel-astra,Opel Astra,2024,2,1700400,52294,1671500,35815,-1.7,31.5,17.2,44.3,25.3,34,20240619
opel-corsa,Opel Corsa,2020,6,114350,19684,1025000,21963,796.4,-11.6,-1.8,11.0,1.9,45,20191210
opel-corsa,Opel Corsa,2022,4,457400,28671,1190000,25498,160.2,11.1,2.9,38.3,11.4,49,20220520
opel-corsa,Opel Corsa,2023,3,1046900,36163,1305000,27962,24.7,22.7,8.2,56.3,24.1,48,20231209
opel-corsa,Opel Corsa,2024,2,1237400,35430,1259000,26977,1.7,23.9,12.7,42.3,24.1,49,20241214
opel-mokka,Opel Mokka,2021,5,734900,46065,1435000,30748,95.3,33.3,7.8,53.7,14.3,33,20220522
opel-mokka,Opel Mokka,2022,4,734900,46065,1469000,31476,99.9,31.7,9.1,52.6,17.0,49,20220522
opel-mokka,Opel Mokka,2023,3,1523400,52699,1509000,32333,-0.9,38.6,15.0,65.3,29.7,47,20231202
opel-mokka,Opel Mokka,2024,2,1689900,52308,1595000,34176,-5.6,34.7,19.2,46.5,26.9,48,20240530
opel-mokka,Opel Mokka,2025,1,1708400,50314,1614900,34603,-5.5,31.2,31.2,46.4,46.4,49,20240908
peugeot-2008,Peugeot 2008,2021,5,793000,46070,1470000,31498,85.4,31.6,7.3,56.1,15.2,49,20220706
peugeot-2008,Peugeot 2008,2022,4,793000,46070,1612500,34551,103.3,25.0,6.9,51.8,16.7,44,20220706
peugeot-2008,Peugeot 2008,2023,3,1720000,52901,1640000,35140,-4.7,33.6,12.7,45.9,18.5,44,20240418
peugeot-2008,Peugeot 2008,2024,2,1720000,52901,1749000,37476,1.7,29.2,15.8,42.4,24.1,45,20240418
peugeot-2008,Peugeot 2008,2025,1,2045750,53394,1825000,39104,-10.8,26.8,26.8,32.5,32.5,48,20250427
peugeot-2008,Peugeot 2008,2026,0,2220500,53239,1961750,42034,-11.7,21.0,21.0,33.1,33.1,42,20251008
peugeot-3008,Peugeot 3008,2020,6,215274,37225,1739500,37272,708.0,-0.1,-0.0,19.8,3.6,49,20191213
peugeot-3008,Peugeot 3008,2021,5,891250,55865,1899900,40709,113.2,27.1,6.1,49.5,12.8,45,20220520
peugeot-3008,Peugeot 3008,2022,4,891250,55865,1997000,42790,124.1,23.4,6.4,46.9,14.6,46,20220520
peugeot-3008,Peugeot 3008,2024,2,2157750,67056,2137000,45790,-1.0,31.7,17.4,43.9,25.1,44,20240528
peugeot-3008,Peugeot 3008,2025,1,2622250,68440,2445000,52389,-6.8,23.5,23.5,29.4,29.4,49,20250427
renault-austral,Renault Austral,2023,3,1865500,57603,2102500,45050,12.7,21.8,7.9,36.1,13.9,46,20240415
renault-austral,Renault Austral,2024,2,1865500,57603,2260000,48425,21.1,15.9,8.3,31.3,17.1,48,20240415
renault-austral,Renault Austral,2025,1,1865500,57603,2490000,53353,33.5,7.4,7.4,24.3,24.3,49,20240415
renault-captur,Renault Captur,2020,6,144150,24849,1362500,29194,845.2,-17.5,-2.7,6.2,1.1,36,20191209
renault-captur,Renault Captur,2021,5,720900,43190,1410000,30212,95.6,30.0,6.9,53.6,14.2,19,20220630
renault-captur,Renault Captur,2024,2,1488950,45033,1782000,38183,19.7,15.2,7.9,32.2,17.6,34,20240721
renault-captur,Renault Captur,2025,1,2258200,55468,1875000,40176,-17.0,27.6,27.6,37.2,37.2,17,20250812
renault-clio,Renault Clio,2021,5,454950,27257,949850,20352,108.8,25.3,5.7,50.5,13.1,49,20220630
renault-clio,Renault Clio,2022,4,454950,27257,1078000,23098,136.9,15.3,4.1,43.8,13.4,49,20220630
renault-clio,Renault Clio,2024,2,1085500,33518,1287000,27577,18.6,17.7,9.3,32.8,18.0,49,20240415
renault-clio,Renault Clio,2025,1,1510000,37123,1385000,29676,-8.3,20.1,20.1,30.6,30.6,46,20250805
renault-clio,Renault Clio,2026,0,1510000,37123,1752500,37551,16.1,-1.2,-1.2,12.1,12.1,16,20250805
renault-megane,Renault Megane,2021,5,552950,33722,1278000,27384,131.1,18.8,4.1,45.2,11.3,49,20220526
renault-megane,Renault Megane,2022,4,651900,38930,1357500,29087,108.2,25.3,7.0,50.6,16.2,48,20220703
renault-megane,Renault Megane,2024,2,1415500,43463,1517500,32516,7.2,25.2,13.5,39.2,22.0,46,20240420
renault-megane,Renault Megane,2025,1,1949500,50268,1620000,34712,-16.9,30.9,30.9,37.1,37.1,45,20250513
renault-megane,Renault Megane,2026,0,2070450,49635,2070000,44354,-0.0,10.6,10.6,24.3,24.3,11,20251012
seat-ateca,Seat Ateca,2020,6,225000,39882,1780000,38140,691.1,4.4,0.7,21.5,3.9,46,20190719
seat-ateca,Seat Ateca,2021,5,880000,50893,1795000,38462,104.0,24.4,5.4,51.6,13.5,33,20220707
seat-ateca,Seat Ateca,2024,2,1765000,54533,2089500,44772,18.4,17.9,9.4,32.9,18.1,26,20240612
seat-ibiza,Seat Ibiza,2021,5,440500,28252,1049900,22496,138.3,20.4,4.5,43.5,10.8,49,20220516
seat-ibiza,Seat Ibiza,2022,4,440500,28252,1115000,23891,153.1,15.4,4.1,40.0,12.0,23,20220516
seat-ibiza,Seat Ibiza,2023,3,762500,35993,1175000,25177,54.1,30.1,11.2,46.0,18.6,18,20230605
seat-ibiza,Seat Ibiza,2024,2,1222500,37840,1425500,30544,16.6,19.3,10.2,33.9,18.7,27,20240530
seat-ibiza,Seat Ibiza,2025,1,1750500,42899,1560000,33426,-10.9,22.1,22.1,32.5,32.5,23,20250816
seat-leon,Seat Leon,2025,1,2535000,62159,2050000,43925,-19.1,29.3,29.3,38.8,38.8,27,20250814
skoda-kamiq,Skoda Kamiq,2021,5,727462,42874,1462000,31326,101.0,26.9,6.1,52.4,13.8,34,20220705
skoda-kamiq,Skoda Kamiq,2022,4,727462,42874,1572500,33694,116.2,21.4,5.8,48.8,15.4,40,20220705
skoda-kamiq,Skoda Kamiq,2025,1,1925100,53439,1750000,37497,-9.1,29.8,29.8,31.2,31.2,45,20250211
skoda-kodiaq,Skoda Kodiaq,2021,5,1697400,101646,2337500,50086,37.7,50.7,13.2,67.4,20.1,40,20220629
skoda-kodiaq,Skoda Kodiaq,2022,4,1697400,101646,2488000,53310,46.6,47.6,14.9,65.3,23.2,23,20220629
skoda-kodiaq,Skoda Kodiaq,2023,3,3344900,102704,2950000,63210,-11.8,38.5,14.9,50.0,20.6,23,20240420
skoda-kodiaq,Skoda Kodiaq,2025,1,4474900,115738,3675000,78744,-17.9,32.0,32.0,37.8,37.8,19,20250518
toyota-corolla,Toyota Corolla,2020,6,156150,27002,1454500,31166,831.5,-15.4,-2.4,7.5,1.3,48,20191213
toyota-corolla-cross,Toyota Corolla Cross,2023,3,2132500,66272,2104975,45103,-1.3,31.9,12.0,44.0,17.6,44,20240528
toyota-corolla-cross,Toyota Corolla Cross,2024,2,2132500,66272,2289500,49057,7.4,26.0,14.0,39.1,22.0,42,20240528
toyota-corolla-cross,Toyota Corolla Cross,2025,1,2743000,67376,2729950,58495,-0.5,13.2,13.2,24.7,24.7,43,20250812
volkswagen-amarok,Volkswagen Amarok,2023,3,2275000,78585,2590000,55496,13.8,29.4,10.9,60.1,26.4,49,20231209
volkswagen-amarok,Volkswagen Amarok,2024,2,2650000,80104,3150000,67495,18.9,15.7,8.2,32.6,17.9,35,20240716
volkswagen-amarok,Volkswagen Amarok,2025,1,3212500,81099,3700000,79280,15.2,2.2,2.2,12.8,12.8,41,20250620
volkswagen-golf,Volkswagen Golf,2020,6,342750,36845,1385000,29676,304.1,19.5,3.5,46.7,9.9,47,20211021
volkswagen-golf,Volkswagen Golf,2022,4,1184150,70714,1502000,32183,26.8,54.5,17.9,69.9,26.0,42,20220702
volkswagen-golf,Volkswagen Golf,2023,3,2731000,84328,1780000,38140,-34.8,54.8,23.2,63.0,28.2,46,20240415
volkswagen-golf,Volkswagen Golf,2024,2,2731000,82598,1915000,41033,-29.9,50.3,29.5,60.2,37.0,47,20240721
volkswagen-golf,Volkswagen Golf,2025,1,3183500,83957,2127500,45586,-33.2,45.7,45.7,49.4,49.4,42,20250323
volkswagen-polo,Volkswagen Polo,2021,5,398300,29249,1325000,28391,232.7,2.9,0.6,21.1,4.6,49,20220127
volkswagen-polo,Volkswagen Polo,2022,4,579550,33348,1262000,27041,117.8,18.9,5.1,48.4,15.2,48,20220625
volkswagen-polo,Volkswagen Polo,2023,3,1274500,40829,1407000,30148,10.4,26.2,9.6,37.4,14.5,50,20240229
volkswagen-polo,Volkswagen Polo,2024,2,1319500,39886,1475000,31605,11.8,20.8,11.0,36.6,20.4,46,20240716
volkswagen-polo,Volkswagen Polo,2025,1,1981000,48760,1650000,35355,-16.7,27.5,27.5,37.0,37.0,25,20250810
volkswagen-t-roc,Volkswagen T Roc,2021,5,859300,51529,1792500,38408,108.6,25.5,5.7,50.6,13.1,44,20220627
volkswagen-t-roc,Volkswagen T Roc,2022,4,859300,51529,1869900,40066,117.6,22.2,6.1,48.4,15.3,49,20220627
volkswagen-t-roc,Volkswagen T Roc,2023,3,1783950,61623,1865000,39961,4.5,35.2,13.4,63.4,28.4,49,20231209
volkswagen-t-roc,Volkswagen T Roc,2024,2,1987500,61223,2055000,44033,3.4,28.1,15.2,41.4,23.4,45,20240416
volkswagen-t-roc,Volkswagen T Roc,2025,1,2611000,64267,2157500,46229,-17.4,28.1,28.1,37.5,37.5,47,20250810
